{"cameraMode":{"drawMode":0,"name":"Shaded","section":"Shading Mode"},"sceneLighting":true,"audioPlay":false,"sceneViewState":{"m_AlwaysRefresh":false,"showFog":true,"showSkybox":true,"showFlares":true,"showImageEffects":true,"showParticleSystems":true,"showVisualEffectGraphs":true,"m_FxEnabled":false},"in2DMode":false,"pivot":{"x":4.6043267250061039,"y":-6.026863098144531,"z":5.3672356605529789},"rotation":{"x":-0.09850996732711792,"y":-0.34697356820106509,"z":0.03667476400732994,"w":-0.931970477104187},"size":11.350000381469727,"orthographic":false}