{
  "Items": [
	{
      "name": "Star Gaia DR3 1884233458774508928",
      "mass": 0.6371024057056474,
      "temperature": 5029.74462890625,
      "position": {
        "x": -4.6099858426005245,
        "y": 79.9610924743528,
        "z": -43.02864969223844
      },
      "velocity": {
        "x": -146968.0340382448,
        "y": -94499.49939751794,
        "z": -158804.04762894538
      }
    },
	{
      "name": "Star Gaia DR3 1848170611255790848",
      "mass": 0.8790482697905305,
      "temperature": 6004.0498046875,
      "position": {
        "x": 24.690785910736235,
        "y": 99.18230563248612,
        "z": -28.890021866493406
      },
      "velocity": {
        "x": -127463.77228302171,
        "y": 24602.49160342394,
        "z": -22608.76049892613
      }
    }
  ]
}